{
	"name": "lvgl",
    "version": "7.7.2",
	"keywords": "graphics, gui, embedded, tft, lvgl",
	"description": "Graphics library to create embedded GUI with easy-to-use graphical elements, beautiful visual effects and low memory footprint. It offers anti-aliasing, opacity, and animations using only one frame buffer.",
	"repository": {
		"type": "git",
		"url": "https://github.com/lvgl/lvgl.git"
	},
	"build": {
		"includeDir": "."
	},
	"license": "MIT",
	"homepage": "https://lvgl.io",
	"frameworks": "*",
	"platforms": "*"
}
